{"_step":0,"_timestamp":1.77476067373281e+09,"iter":0,"_wandb":{"runtime":969},"lr":0,"train/loss":10.988783836364746,"_runtime":969,"val/loss":10.990067481994629,"mfu":-100}