{"_timestamp":1.7748216385862768e+09,"_wandb":{"runtime":14004},"_step":41,"val/loss":3.33647084236145,"lr":0.00041016850133863416,"mfu":20.44035890856345,"iter":4100,"_runtime":14004,"train/loss":3.318072557449341}