{"lr":0,"_wandb":{"runtime":146},"_step":0,"train/loss":10.988811492919922,"_runtime":146,"iter":0,"val/loss":10.990185737609863,"_timestamp":1.7748367090654767e+09,"mfu":-100}