{"iter":10000,"_runtime":32546,"train/loss":3.214337110519409,"lr":3.0517578125e-05,"mfu":21.217845456143298,"val/loss":3.2381742000579834,"_wandb":{"runtime":32546},"_step":100,"_timestamp":1.774974120313315e+09}