{"lr":0.0002939453125,"_timestamp":1.7748254469723866e+09,"_runtime":1192,"train/loss":5.757620811462402,"_wandb":{"runtime":1192},"val/loss":5.754486560821533,"iter":300,"mfu":21.25572955699651,"_step":3}