{"iter":0,"_timestamp":1.7747652550200994e+09,"lr":0,"val/loss":10.989895820617676,"mfu":-100,"_runtime":321,"_wandb":{"runtime":321},"train/loss":10.988755226135254,"_step":0}