{"lr":0.0009765625,"train/loss":5.104207992553711,"val/loss":5.126391410827637,"iter":300,"_runtime":1419,"_wandb":{"runtime":1419},"_timestamp":1.7748080280320556e+09,"mfu":21.25960305783316,"_step":3}