{"lr":0.000587890625,"mfu":21.392964361203582,"iter":300,"val/loss":5.554550647735596,"_timestamp":1.7748254158025053e+09,"_runtime":1144,"_wandb":{"runtime":1144},"_step":3,"train/loss":5.561885356903076}