{"val/loss":10.99007797241211,"iter":0,"mfu":-100,"_wandb":{"runtime":344},"_step":0,"_runtime":344,"_timestamp":1.7747657635395172e+09,"train/loss":10.988794326782227,"lr":0}