{"_runtime":581,"_wandb":{"runtime":581},"lr":0,"_timestamp":1.7747618186556003e+09,"_step":0,"iter":0,"mfu":-100,"val/loss":10.990063667297363,"train/loss":10.988783836364746}