{"_step":0,"train/loss":10.988788604736328,"_wandb":{"runtime":530},"val/loss":10.990067481994629,"_timestamp":1.7747645630612519e+09,"_runtime":530,"mfu":-100,"lr":0,"iter":0}