{"val/loss":6.1418304443359375,"_runtime":613,"_timestamp":1.774823609304745e+09,"mfu":22.76185724713541,"train/loss":6.134083271026611,"iter":100,"_wandb":{"runtime":613},"lr":0.0009765625,"_step":1}