{"_timestamp":1.7749432883811152e+09,"iter":500,"lr":0.00018291372146692628,"mfu":21.490448496138093,"train/loss":5.019475936889648,"_wandb":{"runtime":1984},"val/loss":5.024046421051025,"_step":5,"_runtime":1984}