{"_runtime":1452,"_step":4,"_wandb":{"runtime":1452},"train/loss":4.876165866851807,"mfu":20.733395320179326,"iter":400,"_timestamp":1.7748271173467083e+09,"val/loss":4.87247371673584,"lr":0.0005987774190947328}