{"lr":6e-05,"_wandb":{"runtime":33373},"_timestamp":1.7748606248580616e+09,"_step":100,"iter":10000,"val/loss":3.1447057723999023,"train/loss":3.1440727710723877,"_runtime":33373,"mfu":20.394296987933068}