{"train/loss":4.69088888168335,"lr":0.001953125,"_step":4,"_runtime":1633,"val/loss":4.693967819213867,"mfu":21.25850673245786,"_timestamp":1.774827011626491e+09,"_wandb":{"runtime":1633},"iter":400}