{"train/loss":10.989177703857422,"lr":0,"_timestamp":1.774805636688318e+09,"_wandb":{"runtime":334},"mfu":-100,"_step":0,"val/loss":10.990457534790039,"iter":0,"_runtime":334}