{"lr":0.001953125,"train/loss":6.226927280426025,"_timestamp":1.774823649970724e+09,"_runtime":691,"val/loss":6.237860679626465,"mfu":22.636729212441537,"iter":100,"_wandb":{"runtime":691},"_step":1}