{"_step":0,"train/loss":10.988554954528809,"_wandb":{"runtime":49},"iter":0,"_runtime":49,"mfu":-100,"_timestamp":1.7747657887931523e+09,"val/loss":10.98974609375,"lr":2.998500749625187e-07}