{"_step":5,"val/loss":4.415564060211182,"iter":500,"_wandb":{"runtime":1865},"_runtime":1865,"train/loss":4.398646354675293,"lr":0.0009765625,"_timestamp":1.7748273797278767e+09,"mfu":21.074960590824016}