{"_timestamp":1.7749758187264254e+09,"_step":100,"iter":10000,"_runtime":32284,"train/loss":3.0802414417266846,"_wandb":{"runtime":32284},"mfu":21.287851028898007,"val/loss":3.1067376136779785,"lr":0.000244140625}