{"lr":0,"iter":0,"_timestamp":1.7748514304317198e+09,"_runtime":293,"mfu":-100,"_step":0,"train/loss":10.988919258117676,"_wandb":{"runtime":293},"val/loss":10.9902925491333}