{"_wandb":{"runtime":415},"mfu":22.60917304786276,"val/loss":6.211350917816162,"_timestamp":1.77482416227445e+09,"lr":0.001953125,"_runtime":415,"train/loss":6.213130474090576,"_step":1,"iter":100}