{"_runtime":1440,"iter":300,"_step":3,"_wandb":{"runtime":1440},"_timestamp":1.7748080362207031e+09,"val/loss":5.548557758331299,"train/loss":5.523200035095215,"lr":0.000244140625,"mfu":21.394824288303692}