{"train/loss":3.559924840927124,"_step":18,"_timestamp":1.7748217269102178e+09,"_wandb":{"runtime":13411},"lr":0.0009765625,"iter":1800,"val/loss":3.551328659057617,"mfu":9.573574056585397,"_runtime":13411}