{"_wandb":{"runtime":56},"val/loss":10.989310264587402,"_timestamp":1.7747643245668669e+09,"lr":0,"train/loss":10.988122940063477,"_runtime":56,"mfu":-100,"_step":0,"iter":0}