{"train/loss":10.988786697387695,"_timestamp":1.7747602434733164e+09,"mfu":-100,"_step":0,"lr":0,"val/loss":10.99006462097168,"_runtime":424,"iter":0,"_wandb":{"runtime":424}}