{"_wandb":{"runtime":32513},"train/loss":3.585808753967285,"mfu":21.41248403155877,"val/loss":3.605912685394287,"_step":100,"iter":10000,"_timestamp":1.7748841772414272e+09,"lr":0.015625,"_runtime":32513}