{"iter":1800,"train/loss":4.005499362945557,"_step":18,"_wandb":{"runtime":13443},"val/loss":3.9990856647491455,"lr":6.680726376854329e-05,"mfu":10.767149384187471,"_timestamp":1.7748217904074447e+09,"_runtime":13443}