{"iter":0,"train/loss":10.988787651062012,"val/loss":10.990067481994629,"mfu":-100,"_timestamp":1.7747624309159126e+09,"_wandb":{"runtime":1035},"_step":0,"_runtime":1035,"lr":0}